concept,cluster_graph,cluster_embed,degree,pagerank
a publicly traded company,0,3,1,0.0009891196834817012
the total value of a publicly traded company,0,3,1,0.0009891196834817012
a company,1,3,12,0.005980673929111403
as a more conservative measure of a company,1,3,1,0.0007073006856235327
they might include the quality of a company,1,3,1,0.0007073006856235327
with insights into the future of a company,1,3,1,0.0007073006856235327
stock becomes a fractional owner of that company,1,3,1,0.0007073006856235327
a buyer of a company,1,3,1,0.0007073006856235327
owners of a company,1,3,1,0.0007073006856235327
fluctuations and focus on the underlying factors that,1,3,1,0.0004949062470450472
measures only the equity component of a company,1,3,1,0.00042783431907289396
is the ratio of a company,1,3,1,0.00042783431907289396
preferred stocks have priority claims on a company,1,3,1,0.00042783431907289396
is paid out in the form of dividends,1,3,1,0.00042783431907289396
payout ratio characterizes how much of a company,1,3,1,0.00042783431907289396
a firm,2,3,2,0.001442897342175311
a more comprehensive measure of a firm,2,3,1,0.0007622308541348967
s creditors,2,3,1,0.0007622308541348967
common shares outstanding,3,3,1,0.0009891196834817012
n is the number of common shares outstanding,3,3,1,0.0009891196834817012
million,4,3,4,0.002350452659562529
outstanding and the closing price per share is,4,3,1,0.0006487864394614943
if the closing price per share rises to,4,3,1,0.0006487864394614943
if it drops to,4,3,1,0.0006487864394614943
for startups is reported to be between,4,3,1,0.0006487864394614943
the floating number of shares in the calculation,5,3,3,0.0014710991740714652
generally resulting in a smaller number,5,3,2,0.0009292251622315471
shares in the calculation,5,3,2,0.0009292251622315471
a smaller number,5,3,1,0.0006269292353922459
shares,6,3,9,0.004438492436426917
share price,6,3,4,0.0020775235174725817
earnings per share,6,3,2,0.0010034027234441655
the dilutive effect of any instruments that could,6,3,1,0.0006290528397509882
the yield with the current price is,6,3,1,0.0005907976700289443
for example in the case of a price,6,3,1,0.0005907976700289443
account may mute the decline in share price,6,3,1,0.0005907976700289443
of common shares outstanding during the time period,6,3,1,0.0005609730059374766
impact of stock option grants and convertible bonds,6,3,1,0.0005609730059374766
current number of shares,6,3,1,0.0005609730059374766
variations on the standard trailing and forward p,6,3,1,0.0005609730059374766
average number of shares,6,3,1,0.0005609730059374766
a company by appointing its board of directors,6,3,1,0.0005609730059374766
if you own a majority of shares,6,3,1,0.0005609730059374766
the united states,7,3,7,0.003711785635643356
the four major categories of the income statement,7,3,1,0.0006001674046014645
pandemic,7,3,1,0.0006001674046014645
act governs the calculation and disclosure of apr,7,3,1,0.0006001674046014645
dollars were legal tender in the united states,7,3,1,0.0006001674046014645
shareholders of corporations face double taxation,7,3,1,0.0006001674046014645
corporate profits and taxes on distribution of dividends,7,3,1,0.0006001674046014645
where subsequent rules have modified their regulatory requirements,7,3,1,0.0006001674046014645
stock,8,4,7,0.003711785635643357
the type of stock,8,3,1,0.0008511671002010252
shareholder determines the rights and benefits of ownership,8,3,1,0.0008511671002010252
preferred stock rights have precedence over common stock,8,3,1,0.0004997675263616402
in the uk,8,3,1,0.0004997675263616402
the holder of stock,8,3,1,0.0004997675263616402
have a claim to part of the company,8,3,1,0.0004997675263616402
dividends to systematically buy small amounts of stock,8,3,1,0.0004997675263616402
riskier investments,9,3,1,0.0009891196834817012
these companies tend to be newer,9,3,1,0.0009891196834817012
analysis,10,3,2,0.001442897342175311
earning ratio calculator,10,3,1,0.0007622308541348967
and precedent transaction analysis,10,3,1,0.0007622308541348967
years,11,3,4,0.002350452659562529
as an example,11,3,1,0.0006487864394614943
and earnings are measured in dollars per year,11,3,1,0.0006487864394614943
the ratio is measured in years,11,3,1,0.0006487864394614943
it gives the interest on,11,3,1,0.0006487864394614943
net income,12,3,2,0.001442897342175311
instead of net income,12,3,1,0.0007622308541348967
for the payout ratio is as follows,12,3,1,0.0007622308541348967
this is the convention followed in this article,13,0,1,0.0009891196834817012
followed in this article,13,0,1,0.0009891196834817012
the market,14,3,5,0.0028042303182561385
hedging against any changes in the market,14,3,1,0.0009445839591965194
of the risk and future growth in earnings,14,3,1,0.0005464759558593873
the per depends on the market,14,3,1,0.0005464759558593873
the same for all participants in the market,14,3,1,0.0005464759558593873
because so many cryptocurrencies are on the market,14,3,1,0.0005464759558593873
a listed company,15,3,2,0.001442897342175311
are in relation to that of other companies,15,3,1,0.0007622308541348967
the per of a listed company,15,3,1,0.0007622308541348967
its portfolio large,16,3,3,0.0018966750008689202
the upper left quadrant of the style box,16,3,1,0.0006866012443526283
but have recently seen their share prices fall,16,3,1,0.0006866012443526283
value fund might include in its portfolio large,16,3,1,0.0006866012443526283
and minimum return is part of the fixed,17,3,1,0.0009891196834817012
the fixed,17,3,1,0.0009891196834817012
for example,18,3,15,0.007342006905192235
save until you accumulate a target investment amount,18,3,1,0.0008846489810729798
target date fund,18,3,1,0.0008846489810729798
s fall,18,3,1,0.0005165084667976175
to be the payment for the next year,18,3,1,0.0005165084667976175
last year and whose shares currently sell for,18,3,1,0.0005165084667976175
fee,18,3,1,0.0005165084667976175
and below and excludes all mortgages,18,3,1,0.0005165084667976175
money factor is usually given as a decimal,18,3,1,0.0005165084667976175
apr or the ear equivalent of,18,3,1,0.0005165084667976175
bonds can be readily priced using these equations,18,3,1,0.0005165084667976175
see the example below,18,3,1,0.0005165084667976175
can distribute dividends to its vehicle insurance policyholders,18,3,1,0.0005165084667976175
the same thing as an oil futures contract,18,3,1,0.0005165084667976175
and april contracts are trading at,18,3,1,0.0005165084667976175
as payment for validating transactions and opening blocks,18,3,1,0.0005165084667976175
about,19,2,4,0.0023504526595625286
the fund has returned an average of about,19,2,1,0.0012921816369548013
or earnings yield of about,19,2,1,0.0004343213736303917
e ratio of about,19,2,1,0.0004343213736303917
term returns for stocks of about,19,2,1,0.0004343213736303917
the s,20,3,2,0.001442897342175311
the recent year end values of the s,20,3,1,0.0007622308541348967
the dividend yield on the s,20,1,1,0.0007622308541348967
turn,21,3,2,0.001442897342175311
through higher and more sustained earnings growth rates,21,3,1,0.0007622308541348967
etf shares in the market for a profit,21,3,1,0.0007622308541348967
even in the short term,22,3,1,0.0009891196834817012
the short term,22,3,1,0.0009891196834817012
several ways,23,4,6,0.0030397356843625788
advance,23,3,3,0.0016611696347624786
can also be expressed in several ways,23,3,2,0.001100525770706791
annually in advance,23,3,1,0.0005953219430041643
time fees paid in advance,23,3,1,0.0005953219430041643
in cash or debt rather than in stock,23,3,1,0.0005798243717953667
this can influence business decisions in several ways,23,4,1,0.0005798243717953667
annual rate in advance,23,3,1,0.0005798243717953667
is not trained in the mathematics of finance,23,3,1,0.0005798243717953667
bonds vary from stocks in several ways,23,4,1,0.0005798243717953667
therefore,24,3,4,0.0023504526595625286
cents,24,3,1,0.0008989956829311139
s delta would increase or decrease by,24,4,1,0.0008989956829311139
if earnings stay the same,24,3,1,0.00039857719599187475
tax expenses,24,3,1,0.00039857719599187475
to replicate the performance of a specific index,25,3,1,0.0009891196834817012
a specific index,25,3,1,0.0009891196834817012
theory,26,3,5,0.002804230318256138
wealth distributed among many parties on a blockchain,26,3,1,0.0011720742468177374
e ratios over a period of several years,26,3,1,0.0004896033839540825
one could formulate something of a standardized p,26,3,1,0.0004896033839540825
if given the alternative of holding cash,26,3,1,0.0004896033839540825
to compare the apr of the same product,26,3,1,0.0004896033839540825
return on investment,27,3,3,0.0018966750008689202
the inverse of price,27,3,1,0.0006866012443526283
present value of growth opportunities,27,3,1,0.0006866012443526283
growth opportunities,27,3,1,0.0006866012443526283
annual rate means that the compounding frequency is,28,3,1,0.0009891196834817012
with time periods measured in months,28,3,1,0.0009891196834817012
one year,29,5,3,0.0018966750008689202
payable up to the end of one year,29,3,1,0.0006866012443526283
thinks oil will be higher in one year,29,3,1,0.0006866012443526283
opt not to lock in a price now,29,3,1,0.0006866012443526283
interest allowable on loans,30,3,2,0.001442897342175311
the maximum rate of interest allowable on loans,30,3,1,0.0007622308541348967
such as the valuation of property leases,30,3,1,0.0007622308541348967
them aren,31,3,1,0.0009891196834817012
the returns on them aren,31,3,1,0.0009891196834817012
plus compounded interest,32,3,1,0.0009891196834817012
the total accumulated value,32,3,1,0.0009891196834817012
right,33,3,1,0.0009891196834817012
displaystyle a,33,3,1,0.0009891196834817012
annual rate approaches an upper limit of er,34,3,2,0.001442897342175311
compounding periods per year increases without limit,34,3,1,0.0007622308541348967
of compounding periods per year increases without limit,34,3,1,0.0007622308541348967
p 0 e r,35,3,1,0.0009891196834817012
0 e r t,35,3,1,0.0009891196834817012
displaystyle,36,3,3,0.0017678251253126272
aligned,36,3,2,0.0012144463845080592
its dividend yield would be calculated as follows,36,3,1,0.0006641919003443848
delta,36,4,1,0.0006495675036217178
monthly finance fee,36,3,1,0.0006495675036217178
is the interest rate with compounding frequency n,37,3,1,0.0009891196834817012
from one compounding basis to another compounding basis,37,4,1,0.0009891196834817012
displaystyle n,38,3,1,0.0009891196834817012
an exact formula for the monthly payment,38,3,1,0.0009891196834817012
specific industries,39,3,1,0.0009891196834817012
to profit from the performance of specific industries,39,4,1,0.0009891196834817012
displaystyle t,40,3,1,0.0009891196834817012
for a,40,3,1,0.0009891196834817012
companies and sectors that meet preset criteria,41,3,1,0.0009891196834817012
in companies and sectors that meet preset criteria,41,3,1,0.0009891196834817012
industries like tobacco,42,3,1,0.0009891196834817012
t invest in industries like tobacco,42,3,1,0.0009891196834817012
months,43,3,2,0.001442897342175311
displaystyle m,43,3,1,0.0007622308541348967
it will be ready for delivery in,43,3,1,0.0007622308541348967
frac,44,3,4,0.002238426480618038
ratio,44,3,2,0.001175307002723288
sustainable growth rate,44,3,1,0.0006473682037325829
displaystyle c,44,3,1,0.0006245388046054326
let,44,3,1,0.0006245388046054326
displaystyle i,44,3,1,0.0006245388046054326
if two or more types of deposits occur,45,3,1,0.0009891196834817012
deposits occur,45,3,1,0.0009891196834817012
return,46,3,7,0.003379002542412586
rate of return,46,3,6,0.002693718228272499
rate of return on investment,46,3,2,0.0009216229910306742
amount of each recurring deposit is not known,46,3,2,0.0009216229910306742
s expected internal rate of return,46,3,1,0.000558809857348308
and repayment of the par value at maturity,46,3,1,0.000558809857348308
thus equal to its internal rate of return,46,3,1,0.000558809857348308
an assumption of zero prepayment and zero default,46,3,1,0.000558809857348308
invested to earn a positive rate of return,46,3,1,0.000558809857348308
free rate of return,46,3,1,0.000558809857348308
cost of equity,46,3,1,0.000529909996141944
debt or any number of other analogous concepts,46,3,1,0.000529909996141944
calculations can be either the variable solved for,46,3,1,0.000529909996141944
dividend payout ratio,47,3,1,0.0009891196834817012
yield is related to the earnings yield via,47,3,1,0.0009891196834817012
however,48,3,15,0.007136843424992372
and,48,3,5,0.0025582904636898872
that will help determine your overall returns,48,3,1,0.001497852596402251
all,48,3,3,0.001331501431556266
there are some crucial differences,48,3,1,0.0012729384890889182
from age,48,4,1,0.0009384113068154171
capital gains are taxed at a lower rate,48,4,2,0.000817119847650387
billion,48,3,1,0.0007409004682421267
nor should business fundamentals provide actionable information,48,3,1,0.0005981961671489204
remember that this is just a simplified example,48,0,1,0.0005981961671489204
people who are,48,3,1,0.0005433896296688362
capital growth may prefer a lower payout ratio,48,4,1,0.0005218315557581355
companies on the index,48,3,1,0.00043107295106822137
the fund holds shares of all,48,3,1,0.00043107295106822137
the dividend might be lowered or even eliminated,48,3,1,0.00037328205983558783
may under some circumstances be passed or reduced,48,3,1,0.00037328205983558783
the monthly payment would be,48,3,1,0.00037328205983558783
paying stocks,48,3,1,0.00037328205983558783
from the corporate bond,48,4,1,0.00037328205983558783
there are also important differences,48,3,1,0.00037328205983558783
exchanges and online brokerage firms that offer cryptocurrency,48,3,1,0.00037328205983558783
cryptocurrencies are not issued by any government entity,48,3,1,0.00037328205983558783
hence there are at least two possible,48,3,1,0.0003458787910955457
dividend ratio times the dpr,49,3,1,0.0009891196834817012
by earnings yield times the dividend payout ratio,49,3,1,0.0009891196834817012
time,50,3,2,0.001442897342175311
and length of time,50,3,1,0.0007622308541348967
s performance over time,50,3,1,0.0007622308541348967
the future,51,3,4,0.0023504526595625286
s price will move in the future,51,3,1,0.0008989956829311139
able to invest more money in the future,51,3,1,0.0008989956829311139
for money now over money in the future,51,3,1,0.00039857719599187475
worth more than a dollar in the future,51,3,1,0.00039857719599187475
is sometimes given in the event of default,52,3,1,0.0009891196834817012
the event of default,52,3,1,0.0009891196834817012
when researching the returns of a mutual fund,53,3,3,0.0018966750008689202
returns from a mutual fund in three ways,53,4,1,0.0006866012443526283
or the net change in value,53,3,1,0.0006866012443526283
three ways,53,4,1,0.0006866012443526283
due to its global macroeconomic and financial significance,54,3,1,0.0009891196834817012
this regard,54,0,1,0.0009891196834817012
rate,55,3,6,0.0030784325204124556
internal rate of return,55,3,5,0.002541122852341855
its global macroeconomic and financial significance,55,3,1,0.0006685001101142203
capital budgeting,55,3,1,0.000580235888922415
modified internal rate of return,55,3,1,0.000580235888922415
many formal methods are used in capital budgeting,55,3,1,0.000580235888922415
list of financial performance measures stock valuation metrics,55,3,1,0.000580235888922415
and internal rate of return,55,3,1,0.0005678293699351302
where p is the inflation rate,55,3,1,0.0005678293699351302
pe is the expected inflation rate,55,3,1,0.0005678293699351302
determines the payment is called the coupon rate,55,3,1,0.0005678293699351302
factors into account compounding frequencies of products,56,3,1,0.0009891196834817012
products,56,3,1,0.0009891196834817012
is the ratio of the annual coupon amount,57,3,2,0.001442897342175311
annual coupon divided by its current market price,57,3,1,0.0007622308541348967
per unit of par value,57,3,1,0.0007622308541348967
developed economies,58,3,2,0.001442897342175311
concurrently with economic growth to safeguard economic momentum,58,3,1,0.0007622308541348967
the overall market at least in developed economies,58,3,1,0.0007622308541348967
interest rates on prime credits in the late,59,3,1,0.0009891196834817012
prime credits in the late,59,3,1,0.0009891196834817012
the late,60,3,2,0.001442897342175311
real interest rates were deemed certificates of confiscation,60,3,1,0.0007622308541348967
dow as the dow theory in the late,60,3,1,0.0007622308541348967
likewise,61,3,3,0.0018966750008689202
as savers will instead hold cash,61,3,1,0.0006866012443526283
s assets to pay their creditors,61,3,1,0.0006866012443526283
to earn just,61,3,1,0.0006866012443526283
the past,62,3,4,0.002350452659562528
home was considered an asset in the past,62,3,1,0.0009823987640876527
less of an asset than they once did,62,3,1,0.0009823987640876527
interest rates have been proposed in the past,62,3,1,0.0003151741148353347
notably in the late,62,3,1,0.0003151741148353347
tax on holding money,63,3,2,0.0009891196834817012
holding money,63,3,2,0.0009891196834817012
component of his freiwirtschaft,63,3,2,0.0009891196834817012
was proposed by federal reserve employee marvin goodfriend,64,3,2,0.001442897342175311
on how long the bill had been held,64,3,1,0.0007622308541348967
to be implemented via magnetic strips on bills,64,3,1,0.0007622308541348967
loss of paper cash holdings to hoarders,65,3,3,0.0018966750008689202
existing paper currency via a serial number lottery,65,3,1,0.0006866012443526283
last two digits on the note for a,65,3,1,0.0006866012443526283
serial number end in that digit are worthless,65,3,1,0.0006866012443526283
july,66,3,2,0.001442897342175311
the interest rate on its one,66,3,1,0.0007622308541348967
provisions of the mortgage disclosure improvement act of,66,3,1,0.0007622308541348967
the economy and hence output and employment,67,3,1,0.0009891196834817012
in the economy and hence output and employment,67,3,1,0.0009891196834817012
capital,68,3,7,0.0032791058598907108
cost of capital,68,3,2,0.0009505286050661442
of finance topics understanding dividend yields by investopedia,68,1,2,0.0009505286050661442
form an expectation of inflation in the future,68,3,1,0.0005465588795661219
free cost of capital,68,3,1,0.0005465588795661219
costs according to the theory of rational expectations,68,3,1,0.0005465588795661219
an roe is a measure of management,68,3,1,0.0005465588795661219
as with return on capital,68,3,1,0.0005465588795661219
and optimal policy design,69,3,1,0.0009891196834817012
affect monetary policy transmission and optimal policy design,69,3,1,0.0009891196834817012
for instance,70,3,6,0.003258007976949748
limits are higher for married couples filing jointly,70,3,1,0.000941402836033292
year loan commands a greater liquidity premium,70,5,1,0.0005448853942777736
is only approximate,70,3,1,0.0005448853942777736
recommendation,70,3,1,0.0005448853942777736
private firms that have no frequently quoted price,70,3,1,0.0005448853942777736
whereas bonds generally pay interest every quarter,70,3,1,0.0005448853942777736
is the nominal interest rate on a short,71,3,1,0.0009891196834817012
the nominal interest rate on a given investment,71,3,1,0.0009891196834817012
reality,72,3,3,0.0018966750008689202
the relationship is,72,3,1,0.0006866012443526283
other factors to be of use by itself,72,3,1,0.0006866012443526283
to justify the higher costs of active management,72,3,1,0.0006866012443526283
meant to ensure accountability and fairness for investors,73,3,1,0.0009891196834817012
transparency,73,3,1,0.0009891196834817012
investments,74,3,2,0.001442897342175311
used to calculate the dividend earning on investments,74,1,1,0.0007622308541348967
be used to value heterogeneous portfolios of investments,74,3,1,0.0007622308541348967
investors may find a higher dividend yield unattractive,75,3,1,0.0009891196834817012
perhaps because it increases their tax bill,75,3,1,0.0009891196834817012
highest ever dow jones dividend yield occurred in,76,3,1,0.0009891196834817012
when it yielded only,76,3,1,0.0009891196834817012
future dividends,77,3,2,0.001442897342175311
trailing dividend can be indicative of future dividends,77,3,1,0.0007622308541348967
that may not occur again in the future,77,3,1,0.0007622308541348967
similarly,78,3,2,0.0014428973421753105
manufacturing company may need oil for making widgets,78,3,1,0.0009668518213391106
the yield would be assumed to be zero,78,3,1,0.0005576098869306829
other words,79,3,10,0.005073118611724186
sensitivity of the option relative to the underlying,79,3,1,0.0008310287495778304
of an option,79,3,1,0.0008310287495778304
price to sell to the call option buyer,79,3,1,0.0008310287495778304
s market value,79,3,1,0.0008310287495778304
in dollar terms would be a net of,79,3,1,0.0006034751505593053
times,79,3,1,0.00037592155154078026
in exchange for paying a higher purchase price,79,3,1,0.00037592155154078026
apr understates the true cost of the financing,79,3,1,0.00037592155154078026
the more return investors want from that investment,79,4,1,0.00037592155154078026
bonus to be deducted from turnover before profit,79,4,1,0.00037592155154078026
future dividend yields are by definition uncertain,80,1,1,0.0009891196834817012
of future dividend yields are by definition uncertain,80,1,1,0.0009891196834817012
the various yield measures,81,3,1,0.0009891196834817012
represents the minimum of the various yield measures,81,3,1,0.0009891196834817012
companies in the same proportions,82,3,1,0.0009891196834817012
the same proportions,82,3,1,0.0009891196834817012
center,83,3,1,0.0009891196834817012
dividend yields by yahoo education center,83,1,1,0.0009891196834817012
many countries and jurisdictions,84,3,1,0.0009891196834817012
standardized way as a form of consumer protection,84,3,1,0.0009891196834817012
the effective apr has been called the,85,3,1,0.0009891196834817012
interest rate for each year,85,3,1,0.0009891196834817012
for the effective apr,86,3,2,0.001442897342175311
term loan due in the first payment,86,3,1,0.0007622308541348967
can also vary depending on whether the up,86,3,1,0.0007622308541348967
whether fees must be included in apr calculations,87,3,1,0.0009891196834817012
apr calculations,87,3,1,0.0009891196834817012
index funds offer market returns at lower costs,88,3,1,0.0009891196834817012
management that often comes at a higher price,88,3,1,0.0009891196834817012
for,89,3,3,0.0018966750008689202
can be found here,89,3,1,0.0006866012443526283
home equity loan or other line of credit,89,3,1,0.0006866012443526283
where the interest is calculated based on the,89,3,1,0.0006866012443526283
expressed in years and fractions of a year,90,3,5,0.001589656514245744
between the date of the first drawdown,90,3,5,0.001589656514245744
relative to the date of the first drawdown,90,3,2,0.0006888512680996805
and the date of drawdown i,90,3,2,0.0006888512680996805
years and fractions of a year,90,3,2,0.0006888512680996805
and the date of repayment j,90,3,2,0.0006888512680996805
all forms of consumer debt in the eu,91,3,1,0.0009891196834817012
consumer debt in the eu,91,3,1,0.0009891196834817012
addition,92,3,9,0.0046193409530305785
mutual fund can be found across many platforms,92,3,1,0.0016624234560169249
in the beginning of the loan,92,3,1,0.0004511790532211891
one payment of the lender to the borrower,92,3,1,0.0004511790532211891
inflows and outflows of countries around the world,92,3,1,0.0004511790532211891
changes in interest rates,92,3,1,0.0004511790532211891
microeconomics is a prerequisite for macroeconomic conditions,92,3,1,0.0004511790532211891
the impact of currency exchange on the economy,92,3,1,0.0004511790532211891
see if the company is positioned for success,92,3,1,0.0004511790532211891
class without requiring investors to maintain their wallets,92,3,1,0.0004511790532211891
stock exchanges like regular stocks,93,3,1,0.0009891196834817012
are traded on stock exchanges like regular stocks,93,3,1,0.0009891196834817012
factor for apr to ear is,94,3,1,0.0009891196834817012
compounding periods of the apr per ear period,94,3,1,0.0009891196834817012
compounded monthly carries an effective annual rate of,95,3,1,0.0009891196834817012
note that a high u,95,3,1,0.0009891196834817012
this case,96,0,8,0.004165563294336968
which may not be feasible in all circumstances,96,3,1,0.0005920642321247929
each cash flow grows by a factor of,96,3,1,0.0005920642321247929
no incentive to buy the riskier second bond,96,3,1,0.0005920642321247929
you own multiplied by the dividend per share,96,3,1,0.0005920642321247929
losses is higher than the dividend tax rate,96,3,1,0.0005920642321247929
a larger drop in the share price of,96,3,1,0.0005920642321247929
to a price of,96,3,1,0.0005920642321247929
they make,96,3,1,0.0005920642321247929
fees,97,3,2,0.0014428973421753105
which the sec limits to,97,3,1,0.001171472788543324
cost for any points or other origination fees,97,3,1,0.00035298891972646896
or similar products with different terms,98,3,1,0.0009891196834817012
apr may not,98,3,1,0.0009891196834817012
each of which returns a slightly different result,99,3,3,0.0018966750008689202
large variations,99,3,1,0.0006866012443526283
there are several acceptable methods of calculating apr,99,3,1,0.0006866012443526283
software packages will not result in large variations,99,3,1,0.0006866012443526283
misleading or an inaccurate measure of borrowing costs,100,3,1,0.0009891196834817012
borrowing costs,100,3,1,0.0009891196834817012
this shift could effectively,101,3,1,0.0009891196834817012
like payday loans by rendering them financially unsustainable,101,3,1,0.0009891196834817012
the financial implications of mortgages with variable rates,102,3,2,0.001442897342175311
under the assumption of a standard loan structure,102,5,1,0.0007622308541348967
of a standard loan structure,102,5,1,0.0007622308541348967
tax advantages and are often more cost,103,3,1,0.0009891196834817012
efficient,103,3,1,0.0009891196834817012
non,104,3,6,0.002823254709861605
excluded fees can include various types of non,104,3,2,0.0009536220452763701
which are not reflected in the apr calculation,104,3,2,0.0009536220452763701
case of bond v barrow haematite steel co,104,3,1,0.0005483347459893907
in the canadian case of burland v earle,104,3,1,0.0005483347459893907
the principle of non,104,3,1,0.0005483347459893907
the australian case of miles v sydney meat,104,3,1,0.0005483347459893907
currency,105,3,5,0.0028042303182561385
exclusive power to issue all forms of currency,105,3,1,0.0006260975565268138
it regulates the production of currency by banks,105,3,1,0.0006260975565268138
alternative currencies for its own area of circulation,105,3,1,0.0006260975565268138
a country or group of countries,105,3,1,0.0006260975565268138
but values in currency,105,3,1,0.0006260975565268138
unit of account for payments to government agencies,106,3,2,0.001442897342175311
and each type has limited boundaries of acceptance,106,3,1,0.0007622308541348967
either chosen by users or decreed by governments,106,3,1,0.0007622308541348967
the metal,107,3,2,0.001442897342175311
the value of a coin could be determined,107,3,1,0.0007622308541348967
tested for their fine weight of the metal,107,3,1,0.0007622308541348967
and sometimes also defined a unit of account,108,3,3,0.0018966750008689202
account,108,3,1,0.0006866012443526283
while coins of copper or silver,108,3,1,0.0006866012443526283
or some mixture of them,108,3,1,0.0006866012443526283
of new world silver after the spanish conquests,109,3,2,0.001442897342175311
of central europe made silver relatively less valuable,109,3,1,0.0007622308541348967
metals varied greatly between different eras and places,109,3,1,0.0007622308541348967
premodern china,110,3,1,0.0009891196834817012
coins led to the introduction of paper money,110,3,1,0.0009891196834817012
credit,111,3,2,0.001442897342175311
and merchants include the earliest uses of credit,111,3,1,0.0007622308541348967
the transfer of credit and debt,111,3,1,0.0007622308541348967
facilitated loans of gold or silver at interest,112,3,5,0.0028042303182561385
of gold or silver coins rather than notes,112,3,1,0.0006260975565268138
the advantages of paper currency were numerous,112,3,1,0.0006260975565268138
the lender until someone else redeemed the note,112,3,1,0.0006260975565268138
it allowed a division of currency into credit,112,3,1,0.0006260975565268138
paper currency were numerous,112,3,1,0.0006260975565268138
first,113,3,3,0.0018966750008689208
company is generating healthy profits from its operations,113,4,1,0.0007942479027187033
without paying a penalty,113,3,1,0.0007942479027187033
than they had specie to back them with,113,3,1,0.00047130792762047926
of paper money was also associated with wars,114,3,3,0.0018966750008689202
paper money was also associated with wars,114,3,1,0.0006866012443526283
and financing of wars,114,3,1,0.0006866012443526283
regarded as part of maintaining a standing army,114,3,1,0.0006866012443526283
remained in circulation occupied the efforts of inflationists,115,3,2,0.001442897342175311
parallel use of both metals is called bimetallism,115,3,1,0.0007622308541348967
both metals is called bimetallism,115,3,1,0.0007622308541348967
silver they received but paying out in notes,116,3,1,0.0009891196834817012
notes,116,3,1,0.0009891196834817012
developed a polymer currency in the,117,3,2,0.001442897342175311
it went into circulation on the nation,117,3,1,0.0007622308541348967
research organisation developed a polymer currency in the,117,3,1,0.0007622308541348967
over,118,3,4,0.0023504526595625277
cap companies have market capitalizations of over,118,3,1,0.0011224185353723548
financial information may not be accurate and can,118,3,1,0.0005266242621957106
the life span of banknotes and reduces counterfeiting,118,3,1,0.0004730514801389551
polymer currency is used in over,118,3,1,0.0004730514801389551
is based on the concept of lex monetae,119,3,1,0.0009891196834817012
the concept of lex monetae,119,3,1,0.0009891196834817012
the dollar sign in particular has many uses,120,3,1,0.0009891196834817012
particular has many uses,120,3,1,0.0009891196834817012
the,121,3,15,0.007028111796082366
would be,121,3,3,0.0016072754834636008
new generation of millionaires from investments in technology,121,4,1,0.0009319487233008112
and research capabilities accessible to the general public,121,3,1,0.0008739057032431404
that had commenced more than a century ago,121,3,1,0.0008739057032431404
such as robinhood,121,3,1,0.0008739057032431404
frequently used currencies in world payments in july,121,3,2,0.0006785247032690341
s estimates of the,121,3,2,0.0006785247032690341
the resulting capital gain would be,121,3,1,0.0006694092212025558
second,121,3,1,0.00044825688948688775
the monthly payments,121,3,1,0.0004088885868624055
that could be computed easily in their heads,121,3,1,0.0003902138694292169
it easier to compare lenders and loan options,121,3,1,0.0003902138694292169
amongst the traders in its monopolized salt industry,121,3,1,0.0003902138694292169
a fact observed by david hume in the,121,3,1,0.0003902138694292169
is the sum that the testimony of the,121,3,1,0.0003902138694292169
largest publicly listed companies in the country,121,3,1,0.0003902138694292169
these consist of the,121,3,1,0.0003902138694292169
the former,122,3,3,0.0018966750008689202
in exchange rates are determined by the market,122,3,1,0.0006866012443526283
supply and demand at a static exchange rate,122,3,1,0.0006866012443526283
model,122,3,1,0.0006866012443526283
international investing,123,3,2,0.001442897342175311
required in order to convert into other currencies,123,3,1,0.0007622308541348967
there are significant restrictions on international investing,123,3,1,0.0007622308541348967
trade in goods and services,124,6,5,0.0028042303182561385
different currencies determines the exchange ratio between currencies,124,3,1,0.0006260975565268138
three aspects of trade in goods and services,124,6,1,0.0006260975565268138
goods and services circulating in the country,124,6,1,0.0006260975565268138
and services and the price of export trade,124,6,1,0.0006260975565268138
goods and services,124,6,1,0.0006260975565268138
key benefits include access to diversified,125,3,1,0.0009891196834817012
funds tailored to different objectives and risk tolerances,125,3,1,0.0009891196834817012
ratios,126,3,3,0.00152118743198422
dominate the profitability of capital and economic development,126,3,2,0.0008202092684719795
repayment capacity and credit rating of the country,126,3,2,0.0008202092684719795
and sales,126,3,1,0.0007948727649986268
strict conditions for countries to achieve currency convertibility,127,3,1,0.0009891196834817012
good way for countries to improve their economies,127,3,1,0.0009891196834817012
economy be in a normal and orderly state,128,3,1,0.0009891196834817012
a normal and orderly state,128,3,1,0.0009891196834817012
to eliminate the foreign exchange shortage,129,3,1,0.0009891196834817012
the government needs adequate international reserves,129,3,1,0.0009891196834817012
declared bitcoin,130,3,1,0.0009891196834817012
be a commodity under the commodity exchange act,130,3,1,0.0009891196834817012
money,131,3,4,0.002350452659562529
order to protect and preserve the constitutional currency,131,3,1,0.0006487864394614943
recognizes the time value of money,131,3,1,0.0006487864394614943
core formula for the time value of money,131,3,1,0.0006487864394614943
the other formulas is derived from this formula,131,4,1,0.0006487864394614943
is a violation of federal law for individuals,132,3,2,0.001442897342175311
official coinage and currency of the united states,132,3,1,0.0007622308541348967
of federal law for individuals,132,3,1,0.0007622308541348967
of this is the argentinian economic crisis of,133,0,2,0.001442897342175311
on some of the characteristics of local currencies,133,3,1,0.0007622308541348967
this is the argentinian economic crisis of,133,0,1,0.0007622308541348967
be seen as an implication of the later,134,3,2,0.001442897342175311
of the later,134,3,1,0.0007622308541348967
developed concept of time preference,134,3,1,0.0007622308541348967
the case of a debt,135,3,2,0.001442897342175311
in the case of a debt,135,3,1,0.0007622308541348967
in the case of a financial asset,135,3,1,0.0007622308541348967
the assumption that inflation would be zero percent,136,3,1,0.0009891196834817012
that inflation would be zero percent,136,3,1,0.0009891196834817012
for the present value of a future sum,137,3,2,0.001442897342175311
amount equal to the time value of money,137,3,1,0.0007622308541348967
a likely stream of income in the future,137,3,1,0.0007622308541348967
the present value of the future cash flows,138,3,1,0.0009891196834817012
the future cash flows,138,3,1,0.0009891196834817012
most cases,139,1,2,0.0014428973421753107
well as from the day the fund opened,139,4,1,0.0011305485951024817
or a spreadsheet,139,3,1,0.00039391311316731186
an annuity that makes one payment per year,140,3,1,0.0009891196834817012
i will be the annual interest rate,140,3,1,0.0009891196834817012
n is the number of periods,141,3,2,0.001442897342175311
of the individual payments in each compounding period,141,3,1,0.0007622308541348967
the individual payments in each compounding period,141,3,1,0.0007622308541348967
in the earlier formula for a growing perpetuity,142,3,1,0.0009891196834817012
the earlier formula for a growing perpetuity,142,3,1,0.0009891196834817012
practice,143,3,2,0.0014428973421753105
before making an investment decision,143,3,1,0.0009668518213391106
approach is subject to various qualifications and modifications,143,3,1,0.0005576098869306829
such as,144,3,2,0.0014428973421753107
plans and manage trusts and other retirement accounts,144,3,1,0.0010691623049412175
ratios can be expressed as a decimal value,144,3,1,0.000455299403328576
aspect of the business which the ratio measures,145,3,1,0.0009891196834817012
the business which the ratio measures,145,3,1,0.0009891196834817012
investment for shareholders,146,3,2,0.001442897342175311
concerned with the return on investment for shareholders,146,3,1,0.0007622308541348967
and the value of an investment in company,146,3,1,0.0007622308541348967
is it good or bad,147,3,1,0.0009891196834817012
is needed to answer questions such as,147,3,1,0.0009891196834817012
see below,148,3,2,0.0015053487641707428
from index investing and etfs,148,4,1,0.0012146566604817675
otherwise,148,3,2,0.0007635827064816345
the firm will be unable to raise capital,148,3,1,0.00047289060279265976
bonds,149,3,2,0.001442897342175311
because there are many different types of bonds,149,3,1,0.0007622308541348967
dramatically depending on where and when they invest,149,3,1,0.0007622308541348967
goods sold,150,6,3,0.0012841202908358926
cost of goods sold,150,6,3,0.0012841202908358926
or cost of sales,150,3,2,0.0006941190761275102
excess salaries in the case of private companies,150,3,2,0.0006941190761275102
the firm,151,3,3,0.0018966750008689202
s use of resources,151,3,1,0.0006866012443526283
efficiency ratios measure the effectiveness of the firm,151,3,1,0.0006866012443526283
to pay for a share of the firm,151,3,1,0.0006866012443526283
finally,152,3,2,0.0014428973421753107
t neglect life insurance and disability insurance,152,3,1,0.0011305485951024817
uses more debt financing relative to equity financing,152,3,1,0.00039391311316731186
but dividend payments to shareholders are not,153,1,1,0.0009891196834817012
interest payments to creditors are tax,153,3,1,0.0009891196834817012
the risk of defaulting on interest payments increases,154,4,1,0.0009891196834817012
defaulting on interest payments increases,154,4,1,0.0009891196834817012
particular,155,3,4,0.0023504526595625286
importance to so many americans and their retirements,155,3,1,0.0012921816369548013
roe is used developing estimates of a stock,155,3,1,0.0004343213736303917
and hence the growth rate of its dividends,155,3,1,0.0004343213736303917
for undervalued shares relative to their fundamental potential,155,3,1,0.0004343213736303917
result,156,3,1,0.0009891196834817012
or the dividend discount model valuation result,156,3,1,0.0009891196834817012
the company,157,4,10,0.004155625952582215
this approach focuses on the company,157,3,1,0.001145846957986952
the record date will be paid the dividend,157,1,3,0.0009692356531146838
furnishes an objective measure of the company,157,3,2,0.0006917159374562759
along with an assessment of the company,157,3,2,0.0006917159374562759
which could then,157,4,1,0.0006882534642300224
shareholders registered in the company,157,3,2,0.0006723547519035017
of this date will not receive the dividend,157,1,2,0.0006723547519035017
third of the company,157,3,1,0.0003977377038884294
to the actual cash flow of the company,157,3,1,0.0003977377038884294
company is not an expense of the company,157,3,1,0.0003977377038884294
list of business and finance abbreviations,158,3,3,0.0018966750008689202
return on assets,158,3,1,0.0006866012443526283
return on brand,158,3,1,0.0006866012443526283
business and finance abbreviations,158,3,1,0.0006866012443526283
public exchanges,159,3,1,0.0009891196834817012
are bought and sold predominantly on public exchanges,159,3,1,0.0009891196834817012
the issuing company,160,4,2,0.001442897342175311
owns relative to the number of outstanding shares,160,3,1,0.0007622308541348967
is considered an owner of the issuing company,160,4,1,0.0007622308541348967
is legally separated from the property of shareholders,161,4,2,0.001442897342175311
shareholders,161,3,1,0.0007622308541348967
liability of both the corporation and the shareholder,161,3,1,0.0007622308541348967
you the right to vote in shareholder meetings,162,3,1,0.0009891196834817012
shareholder meetings,162,3,1,0.0009891196834817012
they cause their shares to appreciate in value,163,3,2,0.001442897342175311
stock buybacks,163,3,1,0.0007622308541348967
corporations can also engage in stock buybacks,163,3,1,0.0007622308541348967
return for periodic payments,164,3,1,0.0009891196834817012
to the company in return for periodic payments,164,3,1,0.0009891196834817012
generally,165,3,2,0.0014428973421753105
quantitative and qualitative,165,3,1,0.0009668518213391106
and contingent claim valuation,165,3,1,0.0005576098869306829
based on the observation of market prices of,166,3,1,0.0009891196834817012
the observation of market prices of,166,3,1,0.0009891196834817012
significantly because of necessary judgment and differing assumptions,167,3,2,0.001442897342175311
necessary judgment and differing assumptions,167,3,1,0.0007622308541348967
users of valuations benefit when key information,167,3,1,0.0007622308541348967
its assets at fair value,168,3,1,0.0009891196834817012
show some of its assets at fair value,168,3,1,0.0009891196834817012
today,169,3,2,0.001442897342175311
one year is worth less than,169,5,1,0.0007622308541348967
businesses to raise and deploy capital to firms,169,3,1,0.0007622308541348967
finance theory,170,3,1,0.0009891196834817012
risk and return of some sort of investment,170,3,1,0.0009891196834817012
using the discounted cash flow method,171,3,1,0.0009891196834817012
flows and interest rates in the capital markets,171,3,1,0.0009891196834817012
shares of stock or sales of entire firms,172,3,1,0.0009891196834817012
stock or sales of entire firms,172,3,1,0.0009891196834817012
the observed prices serve as valuation benchmarks,173,3,1,0.0009891196834817012
benchmarks,173,3,1,0.0009891196834817012
the u,174,3,8,0.0041655632943369695
crypto is legal in the u,174,3,1,0.0008582819998863162
agencies are slowly gaining ground in the industry,174,3,1,0.0008582819998863162
this method was first described in the u,174,3,1,0.0005033249762042857
the first etf in the u,174,3,1,0.0005033249762042857
allows inclusion in individual savings accounts,174,3,1,0.0005033249762042857
income or capital gains tax on their returns,174,3,1,0.0005033249762042857
buying etfs in the u,174,3,1,0.0005033249762042857
the fund is fully regulated in the u,174,3,1,0.0005033249762042857
tangible assets,175,3,2,0.001442897342175311
the appraiser identify the value of tangible assets,175,3,1,0.0007622308541348967
estimate an appropriate return on those tangible assets,175,3,1,0.0007622308541348967
financing costs and recurring earnings,176,3,1,0.0009891196834817012
preliminary to the valuation,176,3,1,0.0009891196834817012
of early,177,3,2,0.001442897342175311
the valuation of early,177,3,1,0.0007622308541348967
due to their lack of established track records,177,3,1,0.0007622308541348967
of benchmark intangible assets can ever be observed,178,3,3,0.0018966750008689202
benchmark intangible assets can ever be observed,178,3,1,0.0006866012443526283
the cost of recreating the asset in question,178,3,1,0.0006866012443526283
of assets using either a present value model,178,3,1,0.0006866012443526283
some cases,179,1,6,0.002823254709861605
not need to pay taxes on these re,179,3,2,0.0009536220452763701
but in most cases they do,179,1,2,0.0009536220452763701
based techniques or decision trees may be applied,179,3,1,0.0005483347459893907
the distribution may be of assets,179,3,1,0.0005483347459893907
the tax liability in relation to the dividend,179,1,1,0.0005483347459893907
buy call options or become an options writer,179,3,1,0.0005483347459893907
a corporation,180,4,1,0.0009891196834817012
can give an indirect estimate of a corporation,180,4,1,0.0009891196834817012
regardless of the method,181,3,1,0.0009891196834817012
the method,181,3,1,0.0009891196834817012
research and development,182,3,1,0.0009891196834817012
these businesses are involved in research and development,182,3,1,0.0009891196834817012
general,183,3,10,0.004110580869589068
and the complexity and costs of extracting this,183,3,3,0.0010165147088839572
while higher risk yields higher returns,183,3,1,0.0009546796347717498
the united states is expressed as the periodic,183,3,2,0.0007254571269266063
the number of compounding periods in a year,183,3,2,0.0007254571269266063
result will be a function of the property,183,3,2,0.0007051512186812748
size and grade of the deposit in question,183,3,2,0.0007051512186812748
look at the following broad types of indicators,183,3,1,0.0006859090740219182
future compared to companies with a lower price,183,3,1,0.0004171385132720867
that investors are expecting higher growth of company,183,3,1,0.0004171385132720867
analysis in conjunction with other forms of research,183,3,1,0.0004171385132720867
standards stress the use of the cost approach,184,3,2,0.001442897342175311
the cost approach,184,3,1,0.0007622308541348967
of development of the mining property or project,184,3,1,0.0007622308541348967
the other hand,185,3,6,0.0032580079769497475
have positive theta,185,3,1,0.0011892262371304913
will impact stock value in a limited fashion,185,3,1,0.0004953207140583339
tax expense,185,3,1,0.0004953207140583339
same terms regardless of who is the counterparty,185,3,1,0.0004953207140583339
it is difficult to beat the market consistently,185,3,1,0.0004953207140583339
a stated price within a specific time frame,185,3,1,0.0004953207140583339
assumptions,186,3,1,0.0009891196834817012
bounds,186,3,1,0.0009891196834817012
net income less any reinvestment in regulatory capital,187,3,2,0.001442897342175311
of equity either free cash flow to equity,187,3,1,0.0007622308541348967
equity either free cash flow to equity,187,3,1,0.0007622308541348967
discounted at the weighted average cost of capital,188,3,1,0.0009891196834817012
which incorporates the cost of debt,188,3,1,0.0009891196834817012
mismarking,189,3,2,0.001442897342175311
when a rogue trader engages in mismarking,189,3,1,0.0007622308541348967
of the securities portfolio that he is managing,189,3,1,0.0007622308541348967
the stock price on open on the ex,190,3,1,0.0009891196834817012
open on the ex,190,3,1,0.0009891196834817012
to shareholders may be in cash,191,3,2,0.001442897342175311
distribution to shareholders may be in cash,191,3,1,0.0007622308541348967
issue of further shares or by share repurchase,191,3,1,0.0007622308541348967
it is the division of after,192,3,1,0.0009891196834817012
of after,192,3,1,0.0009891196834817012
the shareholders,193,3,2,0.001442897342175311
are shown in the shareholders,193,3,1,0.0007622308541348967
equity section on the company,193,3,1,0.0007622308541348967
companies usually pay dividends on a fixed schedule,194,3,1,0.0009891196834817012
a fixed schedule,194,3,1,0.0009891196834817012
preference shares,195,3,2,0.001442897342175311
or preferred stock in american english,195,3,1,0.0007622308541348967
usually fixed payments to holders of preference shares,195,3,1,0.0007622308541348967
of the value of the shares for almost,196,3,2,0.001442897342175311
years of existence,196,3,1,0.0007622308541348967
the value of the shares for almost,196,3,1,0.0007622308541348967
investment income of the shareholder,197,3,3,0.0018966750008689202
a form of investment income of the shareholder,197,3,1,0.0006866012443526283
as earned in the year they are paid,197,3,1,0.0006866012443526283
necessarily in the year a dividend was declared,197,3,1,0.0006866012443526283
shares of stock owned,198,3,2,0.001442897342175311
proportion to shares owned,198,3,1,0.0007622308541348967
are usually issued in proportion to shares owned,198,3,1,0.0007622308541348967
assets from the issuing corporation or another corporation,199,4,2,0.001442897342175311
property dividends or dividends in specie,199,3,1,0.0007622308541348967
specie,199,3,1,0.0007622308541348967
s interim financial statements,200,3,1,0.0009891196834817012
this declared dividend usually accompanies the company,200,3,1,0.0009891196834817012
date,201,3,4,0.0023504526595625286
you sell your shares before a certain date,201,3,1,0.0009823987640876532
the option expires worthlessly,201,3,1,0.000648786439461494
the put option expires worthlessly,201,3,1,0.000648786439461494
directors announces its intention to pay a dividend,201,3,1,0.0003151741148353348
shares on this day will receive the dividend,202,1,1,0.0009891196834817012
this day will receive the dividend,202,1,1,0.0009891196834817012
liquidity,203,3,1,0.0009891196834817012
professional management all make mutual funds attractive options,203,3,1,0.0009891196834817012
quarterly and monthly,204,3,1,0.0009891196834817012
the most usual dividend frequencies are yearly,204,1,1,0.0009891196834817012
of their portfolio as cash than other investments,205,3,1,0.0009891196834817012
liquidity and the ability to accommodate withdrawals,205,3,1,0.0009891196834817012
at a rate of a dollar per credit,206,3,2,0.001442897342175311
effectively eliminating the double taxation of company profits,206,3,1,0.0007622308541348967
a dollar per credit,206,3,1,0.0007622308541348967
part,207,3,2,0.001442897342175311
govern the payment of dividends to shareholders,207,3,1,0.0007622308541348967
the rules in part,207,3,1,0.0007622308541348967
the share price and dividend from the after,208,4,1,0.0009891196834817012
tax perspective of a shareholder,208,3,1,0.0009891196834817012
capital gains tcg is,209,3,2,0.001442897342175311
if the tax of capital gains tcg is,209,3,1,0.0007622308541348967
and the tax on dividends td is,209,3,1,0.0007622308541348967
the money on a string of stupid diworseifications,210,3,5,0.0028042303182561385
worse effects,210,3,1,0.0010058313443253085
came from peter lynch of fidelity investments,210,4,1,0.0005311641095771898
term for diversification that results in worse effects,210,3,1,0.0005311641095771898
position came from peter lynch of fidelity investments,210,4,1,0.0005311641095771898
that pay dividends is that companies that don,210,3,1,0.0005311641095771898
profitable companies exhibiting high levels of free cashflow,211,3,2,0.001442897342175311
being more durable in crashes or bear markets,211,4,1,0.0007622308541348967
crashes or bear markets,211,4,1,0.0007622308541348967
stock chooses to not participate in the buyback,212,3,2,0.001442897342175311
the price of the holder,212,3,1,0.0007622308541348967
is delayed until the sale of the shares,212,3,1,0.0007622308541348967
their earnings,213,3,1,0.0009891196834817012
all of them as dividends to their members,213,3,1,0.0009891196834817012
the lender,214,3,1,0.0009891196834817012
investors to assume the role of the lender,214,3,1,0.0009891196834817012
corporations often borrow to grow their business,215,3,1,0.0009891196834817012
or hire employees,215,3,1,0.0009891196834817012
or the face value of one bond,216,3,1,0.0009891196834817012
set at what is called their par value,216,3,1,0.0009891196834817012
yield to maturity is considered a long,217,3,1,0.0009891196834817012
yield but is expressed as an annual rate,217,3,1,0.0009891196834817012
an exchange,218,3,2,0.001442897342175311
can be bought and sold on an exchange,218,3,1,0.0007622308541348967
agreement that can be traded on an exchange,218,3,1,0.0007622308541348967
stocks,219,4,6,0.0032580079769497475
you can make investments in stocks,219,3,1,0.0009053557958736997
managers that enable investors to invest in stocks,219,3,1,0.0006530265147565516
assets based on when you plan to retire,219,3,1,0.0006530265147565516
investing by automatically adjusting their mix of stocks,219,3,1,0.0006530265147565516
some etfs track an index of stocks,219,3,1,0.0004006972336394034
investors to purchase a diversified portfolio of stocks,219,3,1,0.0004006972336394034
the largest and most diverse in europe,220,1,1,0.0009891196834817012
of the largest and most diverse in europe,220,1,1,0.0009891196834817012
undertakings for the collective investment in transferable securities,221,3,3,0.0018966750008689202
levied on ordinary share transactions in the u,221,4,1,0.0006866012443526283
ordinary share transactions in the u,221,4,1,0.0006866012443526283
listed etfs in the u,221,3,1,0.0006866012443526283
section of the wider market,222,3,3,0.0018966750008689202
of a fund that targets a representative cross,222,3,1,0.0006866012443526283
buying individual stocks,222,3,1,0.0006866012443526283
instead of buying individual stocks,222,3,1,0.0006866012443526283
such as trading volume or open interest figures,223,3,1,0.0009891196834817012
technical analysis most commonly applies to price changes,223,1,1,0.0009891196834817012
s strength and whether it will continue,224,3,1,0.0009891196834817012
others assess a trend,224,3,1,0.0009891196834817012
used technical indicators and charting patterns include trendlines,225,3,1,0.0009891196834817012
and momentum indicators,225,3,1,0.0009891196834817012
that the stock,226,3,1,0.0009891196834817012
differs from fundamental analysis in that the stock,226,4,1,0.0009891196834817012
strong form of the emh,227,3,1,0.0009891196834817012
are known as the weak form and semi,227,3,1,0.0009891196834817012
the trend,228,3,1,0.0009891196834817012
reinforcing the strength of the trend,228,3,1,0.0009891196834817012
throughout the day according to supply and demand,229,3,1,0.0009891196834817012
etf prices,229,3,1,0.0009891196834817012
is likely to underperform or experience significant downturns,230,3,1,0.0009891196834817012
by researching a company,230,3,1,0.0009891196834817012
of what you can learn from each one,231,4,2,0.001442897342175311
for a business to manipulate its cash situation,231,4,1,0.0007865495525181106
what you can learn from each one,231,4,1,0.0007379121557516829
significant source of quantitative data is financial statements,232,3,1,0.0009891196834817012
quantitative data is financial statements,232,3,1,0.0009891196834817012
about its financial performance,233,2,1,0.0009891196834817012
a company discloses information about its financial performance,233,2,1,0.0009891196834817012
mind when performing fundamental analysis,234,3,1,0.0009891196834817012
these items in mind when performing fundamental analysis,234,3,1,0.0009891196834817012
million in accounts receivable,235,3,3,0.0018966750008689202
in cash,235,3,1,0.0006866012443526283
million in marketable securities,235,3,1,0.0006866012443526283
million in cash,235,3,1,0.0006866012443526283
this hypothetical fundamental analysis,236,3,1,0.0009891196834817012
based on this hypothetical fundamental analysis,236,3,1,0.0009891196834817012
uses the same tools or views stocks similarly,237,3,1,0.0009891196834817012
a stock is valued differently than another analyst,237,3,1,0.0009891196834817012
while sellers commit to delivering it,238,3,1,0.0009891196834817012
to purchasing the underlying asset at contract expiration,238,3,1,0.0009891196834817012
types of contract can be used for speculation,239,3,1,0.0009891196834817012
contract can be used for speculation,239,3,1,0.0009891196834817012
futures contracts can be traded purely for profit,240,3,1,0.0009891196834817012
long as the trade is closed before expiration,240,3,1,0.0009891196834817012
expire on the third friday of the month,241,3,2,0.001442897342175311
of any and all contracts before trading them,241,3,1,0.0007622308541348967
the third friday of the month,241,3,1,0.0007622308541348967
cap that trades on a small exchange,242,3,1,0.0009891196834817012
stock exchange will have a very different risk,242,3,1,0.0009891196834817012
capital and use it for growth or profit,243,3,1,0.0009891196834817012
generating activities,243,3,1,0.0009891196834817012
trusts are another type of pooled investment,244,3,1,0.0009891196834817012
pooled investment,244,3,1,0.0009891196834817012
derivatives usually employ leverage,245,3,1,0.0009891196834817012
reward proposition,245,3,1,0.0009891196834817012
and currencies,246,3,1,0.0009891196834817012
commodities include metals,246,3,1,0.0009891196834817012
delegating research,247,3,1,0.0009891196834817012
mind paying for the convenience of delegating research,247,3,1,0.0009891196834817012
technology,248,4,3,0.0018966750008689206
the fund invests in technology,248,4,1,0.0007942479027187034
advisors are capable of more than selecting investments,248,3,1,0.0006327779151695914
with advancements in technology,248,4,1,0.0006327779151695914
find its roots in the period between the,249,3,3,0.0018966750008689202
first public markets connected investors with investment opportunities,249,4,1,0.0006866012443526283
investing has been around for millennia,249,3,1,0.0006866012443526283
concept of investing has been around for millennia,249,3,1,0.0006866012443526283
is often considered a common measure of risk,250,3,1,0.0009891196834817012
measure of risk,250,3,1,0.0009891196834817012
is considered riskier,251,3,1,0.0009891196834817012
speculation is considered riskier,251,3,1,0.0009891196834817012
shares of xyz stock for,252,3,1,0.0009891196834817012
xyz stock for,252,3,1,0.0009891196834817012
keep in mind,253,3,2,0.0010983082199699406
mind,253,3,2,0.0010983082199699406
that the money grows on a tax,253,3,2,0.0007707426105052215
investing in stocks,254,3,1,0.0009891196834817012
you can begin investing in stocks,254,3,1,0.0009891196834817012
is nothing to sneeze at,255,3,1,0.0009891196834817012
starting with,255,3,1,0.0009891196834817012
investment in amazon,256,3,1,0.0009891196834817012
amazon,256,3,1,0.0009891196834817012
are available at most financial institutions and don,257,1,1,0.0009891196834817012
t usually require a large amount to invest,257,3,1,0.0009891196834817012
with the best features and most competitive rates,258,1,1,0.0009891196834817012
savings accounts don,258,3,1,0.0009891196834817012
you can invest in real estate with,259,3,1,0.0009891196834817012
real estate with,259,3,1,0.0009891196834817012
reit stocks,260,3,1,0.0009891196834817012
you can invest in reit stocks,260,3,1,0.0009891196834817012
anytime during your working years,261,3,1,0.0009891196834817012
the better,261,3,1,0.0009891196834817012
you,262,3,2,0.001442897342175311
well as review it to monitor your progress,262,3,1,0.0007622308541348967
t have a use,262,3,1,0.0007622308541348967
retirement and where you,263,3,1,0.0009891196834817012
spend your time in retirement and where you,263,3,1,0.0009891196834817012
higher rate of return than a savings account,264,3,1,0.0009891196834817012
return than a savings account,264,3,1,0.0009891196834817012
with earned income can invest in an ira,265,3,1,0.0009891196834817012
an ira,265,3,1,0.0009891196834817012
this is a great variation on the ira,266,0,2,0.001442897342175311
for a lot of gain down the road,266,3,1,0.0007622308541348967
on the ira,266,3,1,0.0007622308541348967
a roth has other restrictions,267,3,1,0.0009891196834817012
related to income,267,3,1,0.0009891196834817012
compounding,268,3,2,0.001442897342175311
this is the principle of compounding,268,0,1,0.0007622308541348967
thanks to the joys of compounding,268,3,1,0.0007622308541348967
compound interest allows interest to earn interest,269,3,1,0.0009891196834817012
the more interest you will earn,269,3,1,0.0009891196834817012
tax retirement contributions,270,3,1,0.0009891196834817012
to set aside after,270,3,1,0.0009891196834817012
the most conservative investments,271,1,1,0.0009891196834817012
are one of the most conservative investments,271,1,1,0.0009891196834817012
in mortgage debt instead of well above water,272,3,1,0.0009891196834817012
equity loans and home equity lines of credit,272,3,1,0.0009891196834817012
coverage with a medicare advantage or medigap policy,273,3,1,0.0009891196834817012
you will have government,273,3,1,0.0009891196834817012
setting aside money now means you,274,3,1,0.0009891196834817012
ll have less to worry about later,274,3,1,0.0009891196834817012
secure online payments without the use of third,275,3,1,0.0009891196834817012
third,275,3,1,0.0009891196834817012
coin names differ from coin types,276,4,1,0.0009891196834817012
names differ from coin types,276,4,1,0.0009891196834817012
of the names of tokens in that category,277,3,3,0.0018966750008689202
t fall into one of these categories,277,3,1,0.0006866012443526283
the types you,277,3,1,0.0006866012443526283
here are some of the types you,277,3,1,0.0006866012443526283
custody that will contribute to an eventual framework,278,3,1,0.0009891196834817012
august,278,3,1,0.0009891196834817012
the country,279,3,1,0.0009891196834817012
that mining does not occur in the country,279,3,1,0.0009891196834817012
s markets in crypto,280,3,1,0.0009891196834817012
june,280,3,1,0.0009891196834817012
development for cryptocurrencies,281,3,2,0.001442897342175311
at the current stage of development for cryptocurrencies,281,3,1,0.0007622308541348967
decentralized system with cryptocurrencies and its practical implementation,281,3,1,0.0007622308541348967
the possibility of a single point of failure,282,3,3,0.0018966750008689202
a single point of failure,282,3,1,0.0006866012443526283
institution setting off a cascade of global crises,282,3,1,0.0006866012443526283
failure of large investment banks in the u,282,3,1,0.0006866012443526283
private keys and different forms of incentive systems,283,3,1,0.0009891196834817012
as proof of work or proof of stake,283,3,1,0.0009891196834817012
for mining only exceeding that of a household,284,3,1,0.0009891196834817012
a household,284,3,1,0.0009891196834817012
traded in public markets suffer from price volatility,285,4,1,0.0009891196834817012
public markets suffer from price volatility,285,4,1,0.0009891196834817012
expressed on investopedia are for informational purposes online,286,1,1,0.0009891196834817012
investopedia are for informational purposes online,286,1,1,0.0009891196834817012
made when one good is exchanged for another,287,3,1,0.0009891196834817012
is a microeconomic concept that reveals the trade,287,3,1,0.0009891196834817012
exercise feature is desirable and commands a premium,288,5,1,0.0009891196834817012
this is,288,5,1,0.0009891196834817012
for monthly contracts,289,3,1,0.0009891196834817012
it is usually the third friday,289,3,1,0.0009891196834817012
portfolios,290,3,2,0.0014428973421753105
but given the diversity of portfolios,290,3,1,0.0010253149548260284
to assess options risk and manage option portfolios,290,3,1,0.0004991467534437645
change in the underlying asset,291,3,2,0.001442897342175311
change between the option,291,3,1,0.0007622308541348967
represents the rate of change between the option,291,3,1,0.0007622308541348967
long a call option with a delta of,292,4,1,0.0009891196834817012
with a delta of,292,4,1,0.0009891196834817012
with a,293,3,2,0.0014428973421753107
s risks,293,3,1,0.000849925554365274
shares of stock to be fully hedged,293,3,1,0.0006745361539045193
theta is higher for at,294,3,1,0.0009891196834817012
money options,294,3,1,0.0009891196834817012
but also gamma in order to be delta,295,4,1,0.0009891196834817012
order to be delta,295,4,1,0.0009891196834817012
has a rho of,296,3,1,0.0009891196834817012
and a price of,296,3,1,0.0009891196834817012
the call option would increase to,297,3,1,0.0009891196834817012
value of the call option would increase to,297,3,1,0.0009891196834817012
if the investor,298,3,1,0.0009891196834817012
at the current market price for a profit,298,3,1,0.0009891196834817012
is less than the strike price at expiry,299,3,1,0.0009891196834817012
the investor can exercise the put,299,3,1,0.0009891196834817012
at the time of expiry,300,3,3,0.0018966750008689202
increase in the underlying stock price from,300,4,1,0.0006866012443526283
the option position would be,300,3,1,0.0006866012443526283
the profit on the option position would be,300,3,1,0.0006866012443526283
would expire worthlessly,301,3,1,0.0009891196834817012
premium,301,5,1,0.0009891196834817012
profits if the price of the stock declines,302,3,2,0.001442897342175311
the stock increases,302,4,1,0.0007622308541348967
profit if the price of the stock increases,302,3,1,0.0007622308541348967
sustainable mutual funds invest primarily in green technology,303,4,1,0.0009891196834817012
green technology,303,4,1,0.0009891196834817012
when you invest in a mutual fund,304,3,2,0.001216008512828506
ownership of all of the fund,304,3,2,0.001216008512828506
a mutual fund,304,3,2,0.0011826067196146197
managers to make investment decisions on your behalf,304,3,1,0.0006654873360684375
when someone buys shares in a mutual fund,304,3,1,0.0006654873360684375
indexes like the s,305,3,1,0.0009891196834817012
mirror the assets of indexes like the s,305,3,1,0.0009891196834817012
between strict value and growth investment is a,306,3,1,0.0009891196834817012
blend,306,3,1,0.0009891196834817012
share price by the number of shares outstanding,307,3,1,0.0009891196834817012
shares outstanding,307,3,1,0.0009891196834817012
